,feature,rf_imp,svm_imp,gbt_imp
0,controversiality,5.2811005418167616e-05,0.44276402133194875,4.625589654698654e-10
1,edited,0.0001919793340661579,0.5057659588300326,0.002262252039197037
2,gilded,1.8493668488985288e-06,0.007903147949333403,0.0
3,is_submitter,0.025203492143496216,0.8303875246883343,0.08080880912331158
4,score,0.0029467444360523846,7.692482998851118e-10,0.00874469790017138
5,stickied,0.00039598394052273595,0.2598740880148036,0.010983803870890362
6,removed_by_mod,0.2547561287773457,1.1061396052991652,0.667880886601803
7,sensitive_words_vec_false,0.05804933506274402,0.578902170132464,0.0060211335787392
8,sensitive_words_vec_unknown,0.33211904359815525,1.1061396052991652,0.22081312435539407
9,sentiment_vec_positive,0.018913876396203427,0.43384898349309087,0.0024852920679333296
10,sentiment_vec_negative,0.011767748908227878,0.43384474817686325,1.0187758985265949e-15
11,sentiment_vec_unknown,0.29560100703091924,1.1061396052991652,0.0
