,accuracy,f1_score,ROC_area
rf,0.6484481396438194,0.6171131761452542,0.6839207949195916
svm,0.648046724928173,0.6183342028972245,0.6827037154726057
gbt,0.6504443641756831,0.6284298022576122,0.6810666433816049
