,feature,rf_imp,svm_imp,gbt_imp
0,controversiality,6.469481652898143e-05,0.41363425280780813,1.2729285000779407e-10
1,edited,0.00018885573469467257,0.5011150095618686,0.002366506268287983
2,gilded,1.2559185542569768e-06,0.052476821820278755,0.0
3,is_submitter,0.02210858733450905,0.7111710102792298,0.08080632300191436
4,score,0.0028715287591497074,0.0,0.008773182494562269
5,stickied,0.0005655442011914931,0.26403160890292,0.011159641338214989
6,removed_by_mod,0.2522352993483951,1.0949261527927525,0.6516011151730832
7,sensitive_words_vec_false,0.05803068686282164,0.5744254443665608,0.006096106141697039
8,sensitive_words_vec_unknown,0.3299430533460601,1.0949261527927525,0.2366055765330195
9,sentiment_vec_positive,0.01503016531588904,0.392352027728254,0.002591548921928071
10,sentiment_vec_negative,0.011701143445388912,0.3923344069086041,5.08236595792752e-18
11,sentiment_vec_unknown,0.30725918491681714,1.0949261527927525,0.0
