,accuracy,f1_score,ROC_area
rf,0.6484475014646213,0.6171125179460579,0.6839205836711224
svm,0.6484666468405662,0.6178022756603077,0.6836157249137391
gbt,0.6504437259964849,0.6284291556733537,0.6810663758781662
