,year,dollar,ellipsis,labor,yolo,btd
0,2022,0.04536671498973859,0.03129029282123086,0.011974616163278618,0.010695957043871874,0.00014557963672582643
1,2021,0.0662294939137193,0.042642672899850534,0.007908850910844126,0.01596251145425931,0.00029082192896230066
